titration,genotype,Kd,Ace2 binding,Kd_SE,mean_FITCpos,stderr_FITCpos,mean_logMFI_FITC,stderr_logMFI_FITC
1,wildtype,4.66E-11,10.33,2.64E-12,NA,NA,9.201996674,0.036225821
2,V367F,3.27E-11,10.49,1.39E-12,59.28333333,1.406200196,9.581303214,0.036335175
3,N439K,3.66E-11,10.44,1.69E-12,56.76666667,1.021980648,9.038120305,0.031378768
4,L455Y,2.04E-09,8.69,4.89E-10,62.23333333,1.244340724,9.198746296,0.027658866
5,T478I,5.78E-11,10.24,2.98E-12,58.5,0.977473552,9.191739926,0.03087233
6,V483A,4.82E-11,10.32,2.81E-12,56.83333333,1.172173152,9.127526825,0.033156115
7,Q498Y,3.08E-11,10.51,1.92E-12,61.9,1.146073666,9.180941842,0.044299794
8,N501D,1.00E-08,8.00,2.63E-09,64.5,0.870823365,9.289367499,0.019116494
9,N501F,1.74E-11,10.76,9.07E-13,61.90833333,1.427567243,9.124061485,0.039451459
10,N501T,2.60E-11,10.58,1.28E-12,58.91666667,1.289399281,9.041794589,0.032620696
